melody_length,participant_index,subject_id
3,1,0004
3,2,0007
3,3,0008
3,4,0009
3,5,0010
3,6,0011
3,7,0012
3,8,0013
3,9,0014
3,10,0015
3,11,0016
3,12,0017
3,13,0019
3,14,0020
3,15,0021
3,16,0022
3,17,0023
3,18,0024
3,19,0026
3,20,0027
3,21,0028
3,22,0029
3,23,0030
3,24,0031
3,25,0032
3,26,0033
3,27,0034
3,28,0035
3,29,0036
3,30,0037
3,31,0038
3,32,0039
3,33,0040
3,34,0041
3,35,0042
3,36,0044
3,37,0045
3,38,0046
3,39,0047
3,40,0048
3,41,0049
3,42,0050
3,43,0051
3,44,0052
3,45,0053
3,46,0054
3,47,0056
3,48,0057
3,49,0058
3,50,0059
3,51,0060
3,52,0061
3,53,0062
3,54,0063
3,55,0064
3,56,0065
3,57,0066
3,58,0067
3,59,0068
3,60,0069
3,61,0070
5,1,0004
5,2,0007
5,3,0008
5,4,0010
5,5,0012
5,6,0013
5,7,0014
5,8,0015
5,9,0016
5,10,0017
5,11,0018
5,12,0019
5,13,0020
5,14,0021
5,15,0022
5,16,0023
5,17,0024
5,18,0025
5,19,0026
5,20,0027
5,21,0028
5,22,0029
5,23,0030
5,24,0031
5,25,0032
5,26,0033
5,27,0034
5,28,0035
5,29,0037
5,30,0038
5,31,0039
5,32,0040
5,33,0041
5,34,0042
5,35,0043
5,36,0044
5,37,0045
5,38,0046
5,39,0047
5,40,0048
5,41,0049
5,42,0051
5,43,0052
5,44,0053
5,45,0054
5,46,0055
5,47,0056
5,48,0057
5,49,0058
5,50,0059
5,51,0060
5,52,0061
5,53,0062
5,54,0063
5,55,0064
5,56,0065
5,57,0066
5,58,0067
5,59,0069
5,60,0070
7,1,0004
7,2,0007
7,3,0008
7,4,0009
7,5,0010
7,6,0011
7,7,0012
7,8,0013
7,9,0014
7,10,0015
7,11,0016
7,12,0017
7,13,0018
7,14,0019
7,15,0020
7,16,0021
7,17,0022
7,18,0023
7,19,0024
7,20,0025
7,21,0026
7,22,0027
7,23,0028
7,24,0029
7,25,0030
7,26,0032
7,27,0033
7,28,0034
7,29,0035
7,30,0036
7,31,0037
7,32,0038
7,33,0039
7,34,0040
7,35,0041
7,36,0042
7,37,0043
7,38,0044
7,39,0045
7,40,0046
7,41,0047
7,42,0048
7,43,0049
7,44,0050
7,45,0051
7,46,0052
7,47,0053
7,48,0054
7,49,0055
7,50,0056
7,51,0057
7,52,0060
7,53,0061
7,54,0062
7,55,0063
7,56,0064
7,57,0065
7,58,0066
7,59,0067
7,60,0068
7,61,0069
7,62,0070
