subject_id,group,sex,age,compensation_dkk
0004,Danish,M,22,500
0007,Chinese,F,25,500
0008,Danish,F,28,500
0009,Danish,F,27,500
0010,Danish,M,26,500
0011,Danish,M,25,500
0012,Chinese,F,22,500
0013,Danish,F,23,500
0014,Danish,F,22,500
0015,Danish,F,24,500
0016,Danish,F,27,500
0017,Danish,M,19,500
0018,Danish,F,21,500
0019,Danish,F,21,500
0020,Danish,F,24,500
0021,Danish,F,21,500
0022,Chinese,M,28,500
0023,Danish,M,21,500
0024,Danish,M,22,500
0025,Danish,F,25,500
0026,Danish,F,21,500
0027,Danish,M,25,500
0028,Danish,F,23,500
0029,Danish,M,41,500
0030,Chinese,F,23,500
0031,Danish,M,30,500
0032,Danish,M,29,500
0033,Danish,F,23,500
0034,Chinese,F,24,500
0035,Danish,F,23,500
0036,Danish,M,34,500
0037,Danish,F,23,500
0038,Chinese,F,28,500
0039,Chinese,M,23,500
0040,Danish,F,23,500
0041,Danish,M,25,500
0042,Danish,F,23,500
0043,Danish,F,33,500
0044,Danish,M,23,500
0045,Chinese,F,20,500
0046,Chinese,M,21,500
0047,Chinese,M,26,500
0048,Chinese,F,31,500
0049,Chinese,F,22,500
0050,Chinese,F,20,500
0051,Chinese,F,21,500
0052,Chinese,F,29,500
0053,Chinese,F,33,500
0054,Chinese,F,22,500
0055,Chinese,F,22,500
0056,Chinese,M,21,500
0057,Danish,M,24,500
0058,Chinese,M,22,500
0059,Chinese,F,27,500
0060,Chinese,F,20,500
0061,Chinese,F,26,500
0062,Chinese,F,21,500
0063,Chinese,M,24,500
0064,Chinese,F,23,500
0065,Chinese,M,22,500
0066,Chinese,F,35,500
0067,Chinese,M,23,500
0068,Chinese,M,20,500
0069,Chinese,F,21,500
0070,Danish,F,22,500
