study,domain,method,behavioural_link
"Jiang et al. (2026); PMID 42224926","Auditory working memory","Evoked-response magnitude/timing","Accuracy and response time (ratio)"
"Lin et al. (2026); PMID 41934791","Lexical-tone recognition in noise","Evoked-response magnitude/timing","Accuracy"
"Beckers et al. (2025); PMID 39719815","Auditory working memory","Oscillatory magnitude","Accuracy"
"Bonetti et al. (2025); PMID 41020476","Auditory recognition memory","Temporal-state dynamics","Accuracy and response time"
"Chow et al. (2025); PMID 39689526","Auditory recognition memory","Evoked-response magnitude/timing","Accuracy (d-prime)"
"Cui et al. (2025); PMID 41176206","Auditory working memory","Evoked-response magnitude/timing","Response time"
"Del Popolo Cristaldi et al. (2025); PMID 40136269","Visual recognition memory","Oscillatory magnitude","Accuracy (level and dual-task difference)"
"Hebron et al. (2025); PMID 40928755","Visual working memory","Oscillatory magnitude","Accuracy (d-prime difference)"
"Pashkov et al. (2025); PMID 40317131","Auditory working memory","Neural coordination","Recall score (normalized digits)"
"Prince et al. (2025); PMID 40561110","Auditory working memory","Oscillatory magnitude","Response time"
"Tian et al. (2025); PMID 39215886","Auditory working memory","Oscillatory magnitude","Accuracy and response time"
"Zhao et al. (2025); PMID 41213442","Audiovisual working memory","Evoked-response magnitude/timing","Accuracy"
"Borderie et al. (2024); PMID 38442128","Auditory sequence working memory","Neural coordination","Accuracy and response time (inverse efficiency)"
"Frei et al. (2024); PMID 39444375","Speech-in-noise recognition","Neural coordination","Accuracy"
"Inguscio et al. (2024); PMID 38608331","Auditory verbal working memory","Oscillatory magnitude","Accuracy"
"Kausel et al. (2024); PMID 38702896","Audiovisual working memory","Oscillatory magnitude","Accuracy"
"Rao et al. (2024); PMID 39423321","Visual working memory","Multivariate representation/prediction","Recall and response time (pre-post differences)"
"Cho et al. (2023); PMID 36653897","Visual recognition memory","Multivariate representation/prediction","Accuracy and response time"
"Paraskevoudi et al. (2023); PMID 35918912","Auditory recognition memory","Evoked-response magnitude/timing","Accuracy"
"Pomper et al. (2023); PMID 37691137","Auditory short-term memory","Evoked-response magnitude/timing","Accuracy"
"Qin et al. (2023); PMID 36866516","Visual working memory","Oscillatory magnitude","Accuracy"
"Albouy et al. (2022); PMID 35196074","Auditory working memory","Neural coordination","Accuracy (d-prime)"
"Bidelman et al. (2021); PMID 33323838","Auditory working memory","Evoked-response magnitude/timing","Accuracy (K capacity estimate)"
"Inguscio et al. (2021); PMID 34966418","Verbal working memory","Oscillatory magnitude","Response time"
"Herman et al. (2020); PMID 32483253","Auditory working memory","Oscillatory magnitude","Accuracy"
"Müller et al. (2020); PMID 29514397","Speech-in-noise recognition","Neural coordination","Accuracy"
"Bastarrika-Iriarte et al. (2019); PMID 31015026","Auditory recognition memory","Oscillatory magnitude","Accuracy (remembered/forgotten)"
"Dehais et al. (2019); PMID 30508609","Auditory alarm detection","Evoked-response magnitude/timing","Accuracy"
"Morris et al. (2019); PMID 30553033","Speech-in-noise perception","Evoked-response magnitude/timing","Accuracy"
"Tune et al. (2018); PMID 29430736","Selective auditory attention","Oscillatory magnitude","Accuracy"
"Wessel et al. (2018); PMID 27909006","Visual working memory","Evoked-response magnitude/timing","Accuracy"
"Zaske et al. (2018); PMID 28802769","Auditory recognition memory","Oscillatory magnitude","Accuracy"
"Albouy et al. (2017); PMID 28343866","Auditory working memory","Neural coordination","Accuracy (d-prime)"
"Impey et al. (2017); PMID 28864916","Visual working memory","Evoked-response magnitude/timing","Response time"
"Meltzer et al. (2017); PMID 28526621","Sentence working memory","Oscillatory magnitude","Recall accuracy (cued)"
"Ou et al. (2017); PMID 28144832","Lexical-tone perception and production","Evoked-response magnitude/timing","Production distinctiveness (acoustic)"
"Yu et al. (2017); PMID 28720790","Auditory duration working memory","Oscillatory magnitude","Accuracy"
"Lefebvre et al. (2016); PMID 26903419","Auditory sequence working memory","Evoked-response magnitude/timing","Accuracy (capacity estimate)"
"Mathias et al. (2016); PMID 27027544","Musical recognition memory","Evoked-response magnitude/timing","Accuracy"
"Sun et al. (2016); PMID 27973531","Visual recognition memory","Multivariate representation/prediction","Accuracy (remembered/forgotten)"
"Toth et al. (2016); PMID 27421185","Auditory figure-ground detection","Evoked-response magnitude/timing","Accuracy (d-prime)"
"Backer et al. (2015); PMID 25609643","Auditory working memory","Oscillatory magnitude","Accuracy and response time (throughput)"
"Hawkins et al. (2015); PMID 25269110","Phonological-form learning","Evoked-response magnitude/timing","Accuracy"
"Lim et al. (2015); PMID 26658862","Auditory working memory","Oscillatory magnitude","Accuracy (psychometric-precision difference)"
"Wostmann et al. (2015); PMID 25390200","Selective auditory attention","Evoked-response magnitude/timing","Accuracy"
"He et al. (2026); PMID 41945608","Visual sequence learning","Multivariate representation/prediction","Accuracy (sequence order)"
"Xue et al. (2026); PMID 41890133","Associative episodic memory","Multivariate representation/prediction","Accuracy (d-prime) and recall rate (associative cued)"
"Dash et al. (2025); PMID 40938318","Motor sequence learning","Multivariate representation/prediction","Typing speed (correct-sequence difference)"
"Mak et al. (2025); PMID 41161527","Visual statistical learning","Oscillatory magnitude","Accuracy"
"Wu et al. (2022); PMID 36306242","Visual episodic sequence memory","Multivariate representation/prediction","Recall accuracy (cued)"
"Lutz et al. (2021); PMID 33743012","Visuomotor sequence learning","Oscillatory magnitude","Response time (random-sequence difference)"
"Zheng et al. (2021); PMID 33862254","Visual sequence learning","Oscillatory magnitude","Response time (fixed-random difference)"
"Kucewicz et al. (2019); PMID 30847390","Verbal episodic memory","Oscillatory magnitude","Recall status (recalled/forgotten)"
"Staudigl et al. (2019); PMID 31185803","Cross-modal recognition memory","Multivariate representation/prediction","Accuracy"
"Crivelli-Decker et al. (2018); PMID 29753784","Visual sequence learning","Oscillatory magnitude","Response time"
"Vila-Ballo et al. (2018); PMID 29339147","Working-memory updating","Evoked-response magnitude/timing","Response time"
"Batterink et al. (2017); PMID 28324696","Auditory statistical learning","Neural coordination","Response time (target detection)"
"Cohen et al. (2016); PMID 27844062","Audiovisual narrative memory","Neural coordination","Accuracy"
"Donaldson et al. (2016); PMID 27059320","Reversal learning","Evoked-response magnitude/timing","Error rate (post-reversal)"
