output	manuscript use
statistics/behaviour_subject.csv	Figures 2, S1, and S2 and association analyses
statistics/behaviour_response_comparisons.csv	Figures 2 and S1 response significance brackets
statistics/behaviour_comparisons.csv	Figure S2 significance brackets and Behavioural Results
3_timeseries/m*_bn_*.csv	Figures 3 and S3 activation time series
statistics/network_variance.csv	Figures 3, S3, and S5-S7 and Results
3_timeseries/cluster/significance_windows_*.csv	Figure 3 and Table S1
3_timeseries/fdr/significance_windows_*.csv	Figure S3
3_timeseries/activation_pattern_*.png	Figures 3, S3, and S5-S7 network maps
rqa_metric_distributions_plot_data.csv	Figures 4, S4, and S10 RQA distributions
5_rqa_correlations/by_length.csv	Figure 5 RQA-behaviour correlations
5_rqa_correlations/by_condition.csv	Figure 5 RQA-behaviour correlations
5_rqa_correlations/by_cell.csv	Figures S8 and S9 condition-specific correlations
statistics/activation_behaviour.csv	Figures S5-S7 and Activation-behaviour Results
statistics/activation_behaviour_significance.csv	Figures S5-S7 corrected intervals
statistics/behaviour_descriptives.csv	Table 2
statistics/behaviour_anova.csv	Behavioural Results
statistics/sample_counts.csv	Participants and Results
statistics/participant_summary.csv	Participant Methods and Table 1
statistics/rqa_descriptives.csv	Table 3
statistics/rqa_anova.csv	RQA Results and Table 3
statistics/rqa_comparisons.csv	RQA condition-direction Results
statistics/rqa_behaviour_models.csv	RQA-behaviour repeated-measures Results
statistics/matched_rqa_paper.csv	Matched activation-RQA main result and supplementary table
statistics/ridge_summary.csv	Nested ridge predictive result
statistics/ridge_coefficient_stability.csv	Supplementary ridge coefficient summary
robustness/thresholds/rqa_threshold_anova.csv	RQA threshold-sensitivity Results and Table S5
